{"sim/flightmodel/position/latitude": 48.353731997037876, "sim/flightmodel/position/longitude": 11.782968819854107, "meta": {"mode": "region", "last-updated": 1736158753.216045}}